﻿<?xml version="1.0" encoding="UTF-8"?>
<!-- 检查报告信息-->
<report>
	<!-- 操作类型 取值范围( insert、delete、update) -->
	<operationType>操作类型</operationType>
	<patient>
		<!-- 病人ID  -->
		<PatientId>病人ID</PatientId>
		<!-- 门诊号  -->
		<OutpatientNo>门诊号</OutpatientNo>
		<!-- 住院号  -->
		<HospitalizedNo>住院号</HospitalizedNo>
		<!-- 医保卡号  -->
		<MedicareNo>医保卡号</MedicareNo>
		<!-- 病历编号  -->
		<PatientNo>病历编号</PatientNo>
		<!-- 姓名  -->
		<PatientName>姓名</PatientName>
		<!-- 医院Id  -->
		<HospitalId>医院Id</HospitalId>
		<!-- 性别  -->
		<Sex>性别</Sex>
		<!-- 年龄  -->
		<Age>年龄</Age>
	</patient>
	<visit>
		<!-- 就诊类型  -->
		<MedicalType>就诊类型</MedicalType>
		<!-- 就诊流水号  -->
		<VisitNo>就诊流水号</VisitNo>
		<!-- 就诊次数  -->
		<VisitTimes>就诊次数</VisitTimes>
		<!-- 病区编码  -->
		<WardCode>病区编码</WardCode>
		<!-- 病房号(病区)  -->
		<Ward>病房号(病区)</Ward>
		<!-- 床号  -->
		<BedNo>床号</BedNo>
		<!-- 申请单号  -->
		<ApplyNo>申请单号</ApplyNo>
	<visit>
	<!-- 报告Id  -->
	<StaticEcgId>报告Id</StaticEcgId>
	<!-- 检查单Id  -->
	<ApplicationId>检查单Id</ApplicationId>
	<!-- 心率  -->
	<Rate>心率</Rate>
	<!-- PR间期  -->
	<PRInterval>PR间期</PRInterval>
	<!-- QRS时限  -->
	<QRSDuration>QRS时限</QRSDuration>
	<!-- QT间期  -->
	<QTInterval>QT间期</QTInterval>
	<!-- QTc间期  -->
	<QTcInterval>QTc间期</QTcInterval>
	<!-- P电轴  -->
	<PAxes>P电轴</PAxes>
	<!-- QRS电轴  -->
	<QRSAxes>QRS电轴</QRSAxes>
	<!-- T电轴  -->
	<TAxes>T电轴</TAxes>
	<!-- RV5  -->
	<RV5>RV5</RV5>
	<!-- SV1  -->
	<SV1>SV1</SV1>
	<!-- RS  -->
	<RS>RS</RS>
	<!-- 特征  -->
	<Feature>特征</Feature>
	<!-- 诊断结果  -->
	<Diagnosis>诊断结果</Diagnosis>
	<!-- 是否会诊  -->
	<IsConsultation>是否会诊</IsConsultation>
	<!-- 会诊医院Id  -->
	<ConsultationHospital>会诊医院Id</ConsultationHospital>
	<!-- 会诊医生  -->
	<ConsultationDoctor>会诊医生</ConsultationDoctor>
	<!-- 会诊时间  -->
	<ConsultationTime>会诊时间</ConsultationTime>
	<!-- 检查医生/操作医生，技师  -->
	<CollectDoctor>检查医生/操作医生，技师</CollectDoctor>
	<!-- 自定义1  -->
	<UserDef1>自定义1</UserDef1>
	<!-- 自定义2  -->
	<UserDef2>自定义2</UserDef2>
	<!-- 自定义3   -->
	<UserDef3>自定义3 </UserDef3>
	<!-- 检查时间  -->
	<CollectTime>检查时间</CollectTime>
	<!-- 报告医生  -->
	<ReportDoctor>报告医生</ReportDoctor>
	<!-- 报告时间  -->
	<ReportTime>报告时间</ReportTime>
	<!-- 审核医生  -->
	<CheckedDoctor>审核医生</CheckedDoctor>
	<!-- 审核时间  -->
	<CheckedTime>审核时间</CheckedTime>
	<!-- 检查医生ID  -->
	<AdviceDoctorID>检查医生ID</AdviceDoctorID>
	<!-- 报告医生ID  -->
	<ReportDoctorId>报告医生ID</ReportDoctorId>
	<!-- 审核医生ID  -->
	<CheckedDoctorId>审核医生ID</CheckedDoctorId>
	<!-- 检查科室编码  -->
	<CollectDeptCode>检查科室编码</CollectDeptCode>
	<!-- 检查科室名称  -->
	<CollectDeptName>检查科室名称</CollectDeptName>
	<!-- 文件类型  -->
	<fileType>文件类型</fileType>
	<!-- 图片内容 图片内容为Base64 -->
	<image>
		<ImageContent>图片内容</ImageContent>
	</image>
</report>


